1/1/1985,,72.5052,,seasonal(M),residual(M),,,,,,,,,,,,,,,,,,,,,,,,,,,,,,,,,,,,,,,,,
2/1/1985,,70.672,,,,,,,,,,,,,,,,,,,,,,,,,,,,,,,,,,,,,,,,,,,,
3/1/1985,,62.4502,,,,,,,,,,,,,,,,,,,,,,,,,,,,,,,,,,,,,,,,,,,,
4/1/1985,,57.4714,,,,,,,,,,,,,,,,,,,,,,,,,,,,,,,,,,,,,,,,,,,,
5/1/1985,,55.3151,,,,,,,,,,,,,,,,,,,,,,,,,,,,,,,,,,,,,,,,,,,,
6/1/1985,,58.0904,,,,,,,,,,,,,,,,,,,,,,,,,,,,,,,,,,,,,,,,,,,,
7/1/1985,,62.6202,,,,,,,1.177935118,1.176293796,1.205682855,1.120267688,1.164677174,1.171125594,1.136374462,1.167285727,1.203895261,1.16859834,1.198161837,1.167436354,1.129411765,1.171862285,1.146092344,1.181292893,1.132423366,1.163399195,1.184668827,1.147107908,1.059011924,1.126146767,1.123441619,1.147314034,1.202043795,1.164190011,1.10132518,1.151616283,1.205575896,1.163141343,1.139085929,1.119637662,37.01652324,,,,37.01652324,1.156766351
8/1/1985,,63.2485,,,,,,,1.096410526,1.113415873,1.140951759,1.101802183,1.064849402,1.055431713,1.065054733,1.116862058,1.111572657,1.10448592,1.118310436,1.067777848,1.048382644,1.042850474,1.054107771,1.049339908,1.048682517,1.088194355,1.103656894,1.05426374,1.029306071,1.114327803,1.062014623,1.028642665,1.110647038,1.048863214,1.020115795,1.061235772,1.089805762,1.122349185,1.045995592,0.97558395,34.35529088,,,,34.35529088,1.07360284
9/1/1985,,60.5846,,,,,,,1.003750494,1.038008088,1.046904799,1.050109857,1.010165753,0.998190314,0.988892007,1.044058859,1.010876401,1.024751839,1.040724362,0.991149453,1.029651512,1.033642302,0.987165228,0.998182475,1.026780196,0.98973911,0.991104055,1.021887647,0.998161616,0.987665692,0.984509572,0.965998709,0.987056588,0.967397778,0.927709202,1.01612865,1.009993995,1.00774421,0.94206796,0.986196866,32.10636558,,,,32.10636558,1.003323925
10/1/1985,,56.3154,,,,,,,0.920582355,0.947856068,0.938253801,0.930011642,0.926177328,0.913762916,0.921553577,0.932043598,0.905453106,0.928044814,0.92130439,0.910156604,0.912491217,0.913948603,0.911855635,0.890409905,0.942146491,0.890959296,0.899641148,0.893211461,0.886898431,0.901801713,0.891807824,0.872687244,0.868229491,0.870111595,0.869315908,0.895339344,0.870936298,0.866085118,0.882805628,0.863051935,28.88893448,,,,28.88893448,0.902779203
11/1/1985,,58.0005,,,,,,,0.900299139,0.923894886,0.908229814,0.907278656,0.903917866,0.933267212,0.890534925,0.887205427,0.883557957,0.91741593,0.911780933,0.885159747,0.923858619,0.899978149,0.941137839,0.887969387,0.933700769,0.895003721,0.920734738,0.902317957,0.91021487,0.912586732,0.894765997,0.86879911,0.911347143,0.877585613,0.918935827,0.896209013,0.88792045,0.879819792,0.897018601,0.89848031,28.91092713,,,,28.91092713,0.903466473
12/1/1985,62.16566667,68.7145,1.105344858,,,,,,0.963875746,0.997441938,0.9886615,0.97383931,0.978070018,1.011163653,0.947757591,0.971117848,0.98922076,0.980126601,0.970691868,0.958161098,1.016923455,0.994518773,1.011519607,0.972965322,1.018240504,0.955523117,0.983935646,1.025856658,1.015532615,1.000535194,1.017061313,0.970485738,1.040773792,1.003068605,1.003341744,0.992457689,0.98089466,0.990822739,1.027332669,0.998294776,31.75021255,,,,31.75021255,0.992194142
1/1/1986,62.232375,73.3057,1.177935118,1.156766351,1.018299951,11.073325,,,1.05380651,1.07082534,1.069765828,1.051579231,1.045452499,1.077843393,1.03457891,1.067357801,1.055066876,1.073246608,1.018461862,1.059874218,1.09793129,1.099949576,1.068051957,1.03401282,1.112401417,1.072601359,1.049124483,1.110761399,1.118410487,1.068932662,1.080822284,1.04300038,1.116818613,1.11730087,1.122902239,1.088200597,1.04647264,1.074891063,1.128341461,1.098159645,34.42694632,,,,34.42694632,1.075842072
2/1/1986,62.00861667,67.9869,1.096410526,1.07360284,1.021244062,5.978283333,,,1.03153519,1.081617187,1.102895205,1.066902983,1.049695867,1.062848473,1.024611686,1.060436957,1.037648845,1.108880129,1.028555471,1.050569983,1.088241271,1.084882753,1.102578479,1.071284625,1.102033403,1.093477428,1.036511196,1.113576394,1.122228654,1.131450914,1.055239348,1.06308625,1.111199709,1.105855866,1.094741216,1.070198569,1.043028098,1.062804029,1.133377283,1.072367081,34.46436054,,,,34.46436054,1.077011267
3/1/1986,61.98960833,62.2221,1.003750494,1.003323925,1.000425156,0.232491667,,,0.97530604,0.985790004,0.978761194,0.983219979,0.990418919,0.987277099,0.969929857,0.961738534,0.957934133,0.969307655,0.940403734,0.977948636,1.013048451,0.981756932,1.005358466,0.952234993,1.007233561,0.972868945,0.971669626,1.003765049,0.966391209,1.0020108,0.961625187,0.956119386,0.981195474,0.96886345,0.966220969,0.980151165,0.967174124,0.978286671,1.007565127,0.974128866,31.29570423,,,,31.29570423,0.977990757
4/1/1986,61.95306667,57.0329,0.920582355,0.902779203,1.019720384,-4.920166667,,,0.918364268,0.924970995,0.914202724,0.93168062,0.912561601,0.921234864,0.925066487,0.897656632,0.900527748,0.9077992,0.886071492,0.922424245,0.92453805,0.907185262,0.9172483,0.89224979,0.934511489,0.906077038,0.90372458,0.907278509,0.911531212,0.915896637,0.896968841,0.901130504,0.871740708,0.879064566,0.902656595,0.905121162,0.889373124,0.879740945,0.897077798,0.923105519,29.0287815,,,,29.0287815,0.907149422
5/1/1986,61.99461667,55.8137,0.900299139,0.903466473,0.996494243,-6.180916667,,,0.945561652,0.95311867,0.93757756,0.972357205,0.928380694,0.967385989,0.983898252,0.957868395,0.949998864,0.97663438,0.960470462,0.975544253,0.940586891,0.924087803,0.966123689,0.899033667,0.947728298,0.927747424,0.924457673,0.913724627,0.930046564,0.92363722,0.924726604,0.905129092,0.906950304,0.911892454,0.941801105,0.957024454,0.957980218,0.898605952,0.91096656,0.956315623,30.07736259,,,,30.07736259,0.939917581
6/1/1986,62.14545833,59.9005,0.963875746,0.992194142,0.971458815,-2.244958333,,,1.086517584,1.073583888,1.059480182,1.171078723,1.05961345,1.058280418,1.125064937,1.084313766,1.07014873,1.106801618,1.072326482,1.093366143,1.059391992,1.059651924,1.116196323,1.017245732,1.071123505,1.081950708,1.088623802,1.090894246,1.042405565,1.046758565,1.07631127,1.11994984,1.114328197,1.049278537,1.052722088,1.10881511,1.054128661,1.001624327,1.097358885,1.125326187,34.53466139,,,,34.53466139,1.079208168
7/1/1986,62.40756667,65.7655,1.05380651,1.075842072,0.979517846,3.357933333,,,,,,,,,,,,,,,,,,,,,,,,,,,,,,,,,,,,,,,,
8/1/1986,62.510325,64.4816,1.03153519,1.077011267,0.957775672,1.971275,,,,,,,,,,,,,,,,,,,,,,,,,,,,,,,,,,,,,,,,
9/1/1986,62.54498333,61.0005,0.97530604,0.977990757,0.997254864,-1.544483333,,,,,,,,,,,,,,,,,,,,,,,,,,,,,,,,,,,,,,,,
10/1/1986,62.64638333,57.5322,0.918364268,0.907149422,1.012362733,-5.114183333,,,,,,,,,,,,,,,,,,,,,,,,,,,,,,,,,,,,,,,,
11/1/1986,62.75815,59.3417,0.945561652,0.939917581,1.006004857,-3.41645,,,,,,,,,,,,,,,,,,,,,,,,,,,,,,,,,,,,,,,,
12/1/1986,62.70989167,68.1354,1.086517584,1.079208168,1.006772943,5.425508333,,,,,,,,,,,,,,,,,,,,,,,,,,,,,,,,,,,,,,,,
1/1/1987,62.75235,73.8152,1.176293796,1.156766351,1.016881062,11.06285,,,,,,,,,,,,,,,,,,,,,,,,,,,,,,,,,,,,,,,,
2/1/1987,62.925275,70.062,1.113415873,1.07360284,1.037083576,7.136725,,,,,,,,,,,,,,,,,,,,,,,,,,,,,,,,,,,,,,,,
3/1/1987,63.2076,65.61,1.038008088,1.003323925,1.034569258,2.4024,,,,,,,,,,,,,,,,,,,,,,,,,,,,,,,,,,,,,,,,
4/1/1987,63.468075,60.1586,0.947856068,0.902779203,1.049931218,-3.309475,,,,,,,,,,,,,,,,,,,,,,,,,,,,,,,,,,,,,,,,
5/1/1987,63.72305,58.8734,0.923894886,0.903466473,1.022611147,-4.84965,,,,,,,,,,,,,,,,,,,,,,,,,,,,,,,,,,,,,,,,
6/1/1987,64.05565833,63.8918,0.997441938,0.992194142,1.005289082,-0.163858333,,,,,,,,,,,,,,,,,,,,,,,,,,,,,,,,,,,,,,,,
7/1/1987,64.31431667,68.8694,1.07082534,1.075842072,0.995336925,4.555083333,,,,,,,,,,,,,,,,,,,,,,,,,,,,,,,,,,,,,,,,
8/1/1987,64.77975833,70.0669,1.081617187,1.077011267,1.004276576,5.287141667,,,,,,,,,,,,,,,,,,,,,,,,,,,,,,,,,,,,,,,,
9/1/1987,65.03930833,64.1151,0.985790004,0.977990757,1.007974765,-0.924208333,,,,,,,,,,,,,,,,,,,,,,,,,,,,,,,,,,,,,,,,
10/1/1987,65.27653333,60.3789,0.924970995,0.907149422,1.019645687,-4.897633333,,,,,,,,,,,,,,,,,,,,,,,,,,,,,,,,,,,,,,,,
11/1/1987,65.53675,62.4643,0.95311867,0.939917581,1.014044943,-3.07245,,,,,,,,,,,,,,,,,,,,,,,,,,,,,,,,,,,,,,,,
12/1/1987,65.740275,70.5777,1.073583888,1.079208168,0.994788512,4.837425,,,,,,,,,,,,,,,,,,,,,,,,,,,,,,,,,,,,,,,,
1/1/1988,66.24486667,79.8703,1.205682855,1.156766351,1.042287281,13.62543333,,,,,,,,,,,,,,,,,,,,,,,,,,,,,,,,,,,,,,,,
2/1/1988,66.75321667,76.1622,1.140951759,1.07360284,1.062731689,9.408983333,,,,,,,,,,,,,,,,,,,,,,,,,,,,,,,,,,,,,,,,
3/1/1988,67.14345,70.2928,1.046904799,1.003323925,1.043436494,3.14935,,,,,,,,,,,,,,,,,,,,,,,,,,,,,,,,,,,,,,,,
4/1/1988,67.4001,63.2384,0.938253801,0.902779203,1.039294878,-4.1617,,,,,,,,,,,,,,,,,,,,,,,,,,,,,,,,,,,,,,,,
5/1/1988,67.61119167,61.4065,0.908229814,0.903466473,1.005272294,-6.204691667,,,,,,,,,,,,,,,,,,,,,,,,,,,,,,,,,,,,,,,,
6/1/1988,67.87935,67.1097,0.9886615,0.992194142,0.996439566,-0.76965,,,,,,,,,,,,,,,,,,,,,,,,,,,,,,,,,,,,,,,,
7/1/1988,68.22203333,72.9816,1.069765828,1.075842072,0.994352104,4.759566667,,,,,,,,,,,,,,,,,,,,,,,,,,,,,,,,,,,,,,,,
8/1/1988,68.69691667,75.7655,1.102895205,1.077011267,1.024033117,7.068583333,,,,,,,,,,,,,,,,,,,,,,,,,,,,,,,,,,,,,,,,
9/1/1988,68.98025833,67.5152,0.978761194,0.977990757,1.000787775,-1.465058333,,,,,,,,,,,,,,,,,,,,,,,,,,,,,,,,,,,,,,,,
10/1/1988,69.22228333,63.2832,0.914202724,0.907149422,1.007775237,-5.939083333,,,,,,,,,,,,,,,,,,,,,,,,,,,,,,,,,,,,,,,,
11/1/1988,69.442575,65.1078,0.93757756,0.939917581,0.997510397,-4.334775,,,,,,,,,,,,,,,,,,,,,,,,,,,,,,,,,,,,,,,,
12/1/1988,69.71635833,73.8631,1.059480182,1.079208168,0.981719943,4.146741667,,,,,,,,,,,,,,,,,,,,,,,,,,,,,,,,,,,,,,,,
1/1/1989,69.55373333,77.9188,1.120267688,1.156766351,0.968447679,8.365066667,,,,,,,,,,,,,,,,,,,,,,,,,,,,,,,,,,,,,,,,
2/1/1989,69.59706667,76.6822,1.101802183,1.07360284,1.026266085,7.085133333,,,,,,,,,,,,,,,,,,,,,,,,,,,,,,,,,,,,,,,,
3/1/1989,69.852025,73.3523,1.050109857,1.003323925,1.046630935,3.500275,,,,,,,,,,,,,,,,,,,,,,,,,,,,,,,,,,,,,,,,
4/1/1989,70.00783333,65.1081,0.930011642,0.902779203,1.030165116,-4.899733333,,,,,,,,,,,,,,,,,,,,,,,,,,,,,,,,,,,,,,,,
5/1/1989,70.19805833,63.6892,0.907278656,0.903466473,1.004219507,-6.508858333,,,,,,,,,,,,,,,,,,,,,,,,,,,,,,,,,,,,,,,,
6/1/1989,70.3116,68.4722,0.97383931,0.992194142,0.981500765,-1.8394,,,,,,,,,,,,,,,,,,,,,,,,,,,,,,,,,,,,,,,,
7/1/1989,70.398975,74.0301,1.051579231,1.075842072,0.977447581,3.631125,,,,,,,,,,,,,,,,,,,,,,,,,,,,,,,,,,,,,,,,
8/1/1989,70.33891667,75.0448,1.066902983,1.077011267,0.990614505,4.705883333,,,,,,,,,,,,,,,,,,,,,,,,,,,,,,,,,,,,,,,,
9/1/1989,70.48809167,69.3053,0.983219979,0.977990757,1.005346903,-1.182791667,,,,,,,,,,,,,,,,,,,,,,,,,,,,,,,,,,,,,,,,
10/1/1989,70.70395,65.8735,0.93168062,0.907149422,1.02704207,-4.83045,,,,,,,,,,,,,,,,,,,,,,,,,,,,,,,,,,,,,,,,
11/1/1989,71.03418333,69.0706,0.972357205,0.939917581,1.034513265,-1.963583333,,,,,,,,,,,,,,,,,,,,,,,,,,,,,,,,,,,,,,,,
12/1/1989,71.89516667,84.1949,1.171078723,1.079208168,1.085127743,12.29973333,,,,,,,,,,,,,,,,,,,,,,,,,,,,,,,,,,,,,,,,
1/1/1990,72.43191667,84.3598,1.164677174,1.156766351,1.006838739,11.92788333,,,,,,,,,,,,,,,,,,,,,,,,,,,,,,,,,,,,,,,,
2/1/1990,72.47278333,77.1726,1.064849402,1.07360284,0.99184667,4.699816667,,,,,,,,,,,,,,,,,,,,,,,,,,,,,,,,,,,,,,,,
3/1/1990,72.45979167,73.1964,1.010165753,1.003323925,1.006819162,0.736608333,,,,,,,,,,,,,,,,,,,,,,,,,,,,,,,,,,,,,,,,
4/1/1990,72.640625,67.2781,0.926177328,0.902779203,1.025917883,-5.362525,,,,,,,,,,,,,,,,,,,,,,,,,,,,,,,,,,,,,,,,
5/1/1990,72.81834167,65.8218,0.903917866,0.903466473,1.000499624,-6.996541667,,,,,,,,,,,,,,,,,,,,,,,,,,,,,,,,,,,,,,,,
6/1/1990,73.067775,71.4654,0.978070018,0.992194142,0.985764757,-1.602375,,,,,,,,,,,,,,,,,,,,,,,,,,,,,,,,,,,,,,,,
7/1/1990,73.2831,76.614,1.045452499,1.075842072,0.971752756,3.3309,,,,,,,,,,,,,,,,,,,,,,,,,,,,,,,,,,,,,,,,
8/1/1990,73.4548,77.1052,1.049695867,1.077011267,0.974637777,3.6504,,,,,,,,,,,,,,,,,,,,,,,,,,,,,,,,,,,,,,,,
9/1/1990,73.767775,73.061,0.990418919,0.977990757,1.012707852,-0.706775,,,,,,,,,,,,,,,,,,,,,,,,,,,,,,,,,,,,,,,,
10/1/1990,73.898025,67.4365,0.912561601,0.907149422,1.005966138,-6.461525,,,,,,,,,,,,,,,,,,,,,,,,,,,,,,,,,,,,,,,,
11/1/1990,73.85601667,68.5665,0.928380694,0.939917581,0.98772564,-5.289516667,,,,,,,,,,,,,,,,,,,,,,,,,,,,,,,,,,,,,,,,
12/1/1990,73.31343333,77.6839,1.05961345,1.079208168,0.98184343,4.370466667,,,,,,,,,,,,,,,,,,,,,,,,,,,,,,,,,,,,,,,,
1/1/1991,73.4519,86.0214,1.171125594,1.156766351,1.012413261,12.5695,,,,,,,,,,,,,,,,,,,,,,,,,,,,,,,,,,,,,,,,
2/1/1991,73.48395833,77.5573,1.055431713,1.07360284,0.983074628,4.073341667,,,,,,,,,,,,,,,,,,,,,,,,,,,,,,,,,,,,,,,,
3/1/1991,73.49800833,73.365,0.998190314,1.003323925,0.994883396,-0.133008333,,,,,,,,,,,,,,,,,,,,,,,,,,,,,,,,,,,,,,,,
4/1/1991,73.48733333,67.15,0.913762916,0.902779203,1.012166556,-6.337333333,,,,,,,,,,,,,,,,,,,,,,,,,,,,,,,,,,,,,,,,
5/1/1991,73.73686667,68.8162,0.933267212,0.903466473,1.032984887,-4.920666667,,,,,,,,,,,,,,,,,,,,,,,,,,,,,,,,,,,,,,,,
6/1/1991,74.01848333,74.8448,1.011163653,0.992194142,1.019118749,0.826316667,,,,,,,,,,,,,,,,,,,,,,,,,,,,,,,,,,,,,,,,
7/1/1991,74.30838333,80.0928,1.077843393,1.075842072,1.001860236,5.784416667,,,,,,,,,,,,,,,,,,,,,,,,,,,,,,,,,,,,,,,,
8/1/1991,74.47966667,79.1606,1.062848473,1.077011267,0.986849911,4.680933333,,,,,,,,,,,,,,,,,,,,,,,,,,,,,,,,,,,,,,,,
9/1/1991,74.52244167,73.5743,0.987277099,0.977990757,1.009495326,-0.948141667,,,,,,,,,,,,,,,,,,,,,,,,,,,,,,,,,,,,,,,,
10/1/1991,74.63221667,68.7538,0.921234864,0.907149422,1.015527147,-5.878416667,,,,,,,,,,,,,,,,,,,,,,,,,,,,,,,,,,,,,,,,
11/1/1991,74.96139167,72.5166,0.967385989,0.939917581,1.029224273,-2.444791667,,,,,,,,,,,,,,,,,,,,,,,,,,,,,,,,,,,,,,,,
12/1/1991,75.11185,79.4894,1.058280418,1.079208168,0.980608236,4.37755,,,,,,,,,,,,,,,,,,,,,,,,,,,,,,,,,,,,,,,,
1/1/1992,75.050525,85.2855,1.136374462,1.156766351,0.982371644,10.234975,,,,,,,,,,,,,,,,,,,,,,,,,,,,,,,,,,,,,,,,
2/1/1992,75.267775,80.1643,1.065054733,1.07360284,0.992037924,4.896525,,,,,,,,,,,,,,,,,,,,,,,,,,,,,,,,,,,,,,,,
3/1/1992,75.36465,74.5275,0.988892007,1.003323925,0.985615894,-0.83715,,,,,,,,,,,,,,,,,,,,,,,,,,,,,,,,,,,,,,,,
4/1/1992,75.57249167,69.6441,0.921553577,0.902779203,1.020796197,-5.928391667,,,,,,,,,,,,,,,,,,,,,,,,,,,,,,,,,,,,,,,,
5/1/1992,75.43600833,67.1784,0.890534925,0.903466473,0.985686743,-8.257608333,,,,,,,,,,,,,,,,,,,,,,,,,,,,,,,,,,,,,,,,
6/1/1992,75.132925,71.2078,0.947757591,0.992194142,0.955213855,-3.925125,,,,,,,,,,,,,,,,,,,,,,,,,,,,,,,,,,,,,,,,
7/1/1992,74.91753333,77.5081,1.03457891,1.075842072,0.961645707,2.590566667,,,,,,,,,,,,,,,,,,,,,,,,,,,,,,,,,,,,,,,,
8/1/1992,74.69893333,76.5374,1.024611686,1.077011267,0.95134723,1.838466667,,,,,,,,,,,,,,,,,,,,,,,,,,,,,,,,,,,,,,,,
9/1/1992,74.59725,72.3541,0.969929857,0.977990757,0.991757692,-2.24315,,,,,,,,,,,,,,,,,,,,,,,,,,,,,,,,,,,,,,,,
10/1/1992,74.62015,69.0286,0.925066487,0.907149422,1.019750952,-5.59155,,,,,,,,,,,,,,,,,,,,,,,,,,,,,,,,,,,,,,,,
11/1/1992,74.70203333,73.4992,0.983898252,0.939917581,1.04679205,-1.202833333,,,,,,,,,,,,,,,,,,,,,,,,,,,,,,,,,,,,,,,,
12/1/1992,75.12090833,84.5159,1.125064937,1.079208168,1.042491124,9.394991667,,,,,,,,,,,,,,,,,,,,,,,,,,,,,,,,,,,,,,,,
1/1/1993,75.34265,87.9464,1.167285727,1.156766351,1.009093778,12.60375,,,,,,,,,,,,,,,,,,,,,,,,,,,,,,,,,,,,,,,,
2/1/1993,75.70863333,84.5561,1.116862058,1.07360284,1.040293501,8.847466667,,,,,,,,,,,,,,,,,,,,,,,,,,,,,,,,,,,,,,,,
3/1/1993,76.1209,79.4747,1.044058859,1.003323925,1.040599983,3.3538,,,,,,,,,,,,,,,,,,,,,,,,,,,,,,,,,,,,,,,,
4/1/1993,76.23870833,71.0578,0.932043598,0.902779203,1.032415894,-5.180908333,,,,,,,,,,,,,,,,,,,,,,,,,,,,,,,,,,,,,,,,
5/1/1993,76.28019167,67.6762,0.887205427,0.903466473,0.982001495,-8.603991667,,,,,,,,,,,,,,,,,,,,,,,,,,,,,,,,,,,,,,,,
6/1/1993,76.54035,74.3297,0.971117848,0.992194142,0.978757893,-2.21065,,,,,,,,,,,,,,,,,,,,,,,,,,,,,,,,,,,,,,,,
7/1/1993,76.92340833,82.1048,1.067357801,1.075842072,0.992113832,5.181391667,,,,,,,,,,,,,,,,,,,,,,,,,,,,,,,,,,,,,,,,
8/1/1993,77.38366667,82.0605,1.060436957,1.077011267,0.98461083,4.676833333,,,,,,,,,,,,,,,,,,,,,,,,,,,,,,,,,,,,,,,,
9/1/1993,77.57108333,74.6031,0.961738534,0.977990757,0.983382028,-2.967983333,,,,,,,,,,,,,,,,,,,,,,,,,,,,,,,,,,,,,,,,
10/1/1993,77.62545,69.681,0.897656632,0.907149422,0.989535583,-7.94445,,,,,,,,,,,,,,,,,,,,,,,,,,,,,,,,,,,,,,,,
11/1/1993,77.70295,74.4292,0.957868395,0.939917581,1.019098285,-3.27375,,,,,,,,,,,,,,,,,,,,,,,,,,,,,,,,,,,,,,,,
12/1/1993,77.67899167,84.2284,1.084313766,1.079208168,1.004730874,6.549408333,,,,,,,,,,,,,,,,,,,,,,,,,,,,,,,,,,,,,,,,
1/1/1994,78.19500833,94.1386,1.203895261,1.156766351,1.040741944,15.94359167,,,,,,,,,,,,,,,,,,,,,,,,,,,,,,,,,,,,,,,,
2/1/1994,78.41205833,87.1607,1.111572657,1.07360284,1.035366725,8.748641667,,,,,,,,,,,,,,,,,,,,,,,,,,,,,,,,,,,,,,,,
3/1/1994,78.39296667,79.2456,1.010876401,1.003323925,1.007527456,0.852633333,,,,,,,,,,,,,,,,,,,,,,,,,,,,,,,,,,,,,,,,
4/1/1994,78.38605833,70.9749,0.905453106,0.902779203,1.002961858,-7.411158333,,,,,,,,,,,,,,,,,,,,,,,,,,,,,,,,,,,,,,,,
5/1/1994,78.52840833,69.3844,0.883557957,0.903466473,0.9779643,-9.144008333,,,,,,,,,,,,,,,,,,,,,,,,,,,,,,,,,,,,,,,,
6/1/1994,78.83285833,77.9831,0.98922076,0.992194142,0.997003225,-0.849758333,,,,,,,,,,,,,,,,,,,,,,,,,,,,,,,,,,,,,,,,
7/1/1994,78.93054167,83.277,1.055066876,1.075842072,0.980689362,4.346458333,,,,,,,,,,,,,,,,,,,,,,,,,,,,,,,,,,,,,,,,
8/1/1994,78.9161,81.8872,1.037648845,1.077011267,0.963452172,2.9711,,,,,,,,,,,,,,,,,,,,,,,,,,,,,,,,,,,,,,,,
9/1/1994,79.00605833,75.6826,0.957934133,0.977990757,0.97949201,-3.323458333,,,,,,,,,,,,,,,,,,,,,,,,,,,,,,,,,,,,,,,,
10/1/1994,79.13815,71.2661,0.900527748,0.907149422,0.99270057,-7.87205,,,,,,,,,,,,,,,,,,,,,,,,,,,,,,,,,,,,,,,,
11/1/1994,79.2062,75.2458,0.949998864,0.939917581,1.010725709,-3.9604,,,,,,,,,,,,,,,,,,,,,,,,,,,,,,,,,,,,,,,,
12/1/1994,79.25505833,84.8147,1.07014873,1.079208168,0.991605476,5.559641667,,,,,,,,,,,,,,,,,,,,,,,,,,,,,,,,,,,,,,,,
1/1/1995,79.11460833,92.4532,1.16859834,1.156766351,1.010228504,13.33859167,,,,,,,,,,,,,,,,,,,,,,,,,,,,,,,,,,,,,,,,
2/1/1995,79.134825,87.4033,1.10448592,1.07360284,1.028765833,8.268475,,,,,,,,,,,,,,,,,,,,,,,,,,,,,,,,,,,,,,,,
3/1/1995,79.3032,81.2661,1.024751839,1.003323925,1.021356925,1.9629,,,,,,,,,,,,,,,,,,,,,,,,,,,,,,,,,,,,,,,,
4/1/1995,79.54001667,73.8167,0.928044814,0.902779203,1.02798648,-5.723316667,,,,,,,,,,,,,,,,,,,,,,,,,,,,,,,,,,,,,,,,
5/1/1995,79.86366667,73.2682,0.91741593,0.903466473,1.015439928,-6.595466667,,,,,,,,,,,,,,,,,,,,,,,,,,,,,,,,,,,,,,,,
6/1/1995,79.89029167,78.3026,0.980126601,0.992194142,0.98783752,-1.587691667,,,,,,,,,,,,,,,,,,,,,,,,,,,,,,,,,,,,,,,,
7/1/1995,80.11588333,85.9841,1.073246608,1.075842072,0.997587504,5.868216667,,,,,,,,,,,,,,,,,,,,,,,,,,,,,,,,,,,,,,,,
8/1/1995,80.754175,89.5467,1.108880129,1.077011267,1.029590092,8.792525,,,,,,,,,,,,,,,,,,,,,,,,,,,,,,,,,,,,,,,,
9/1/1995,80.98925,78.5035,0.969307655,0.977990757,0.991121488,-2.48575,,,,,,,,,,,,,,,,,,,,,,,,,,,,,,,,,,,,,,,,
10/1/1995,81.192625,73.7066,0.9077992,0.907149422,1.000716285,-7.486025,,,,,,,,,,,,,,,,,,,,,,,,,,,,,,,,,,,,,,,,
11/1/1995,81.56,79.6543,0.97663438,0.939917581,1.039063849,-1.9057,,,,,,,,,,,,,,,,,,,,,,,,,,,,,,,,,,,,,,,,
12/1/1995,82.06086667,90.8251,1.106801618,1.079208168,1.025568236,8.764233333,,,,,,,,,,,,,,,,,,,,,,,,,,,,,,,,,,,,,,,,
1/1/1996,82.6042,98.9732,1.198161837,1.156766351,1.03578552,16.369,,,,,,,,,,,,,,,,,,,,,,,,,,,,,,,,,,,,,,,,
2/1/1996,83.06128333,92.8883,1.118310436,1.07360284,1.041642584,9.827016667,,,,,,,,,,,,,,,,,,,,,,,,,,,,,,,,,,,,,,,,
3/1/1996,83.53374167,86.9356,1.040724362,1.003323925,1.037276533,3.401858333,,,,,,,,,,,,,,,,,,,,,,,,,,,,,,,,,,,,,,,,
4/1/1996,83.81746667,77.2214,0.92130439,0.902779203,1.020520175,-6.596066667,,,,,,,,,,,,,,,,,,,,,,,,,,,,,,,,,,,,,,,,
5/1/1996,84.102,76.6826,0.911780933,0.903466473,1.009202843,-7.4194,,,,,,,,,,,,,,,,,,,,,,,,,,,,,,,,,,,,,,,,
6/1/1996,84.40433333,81.9306,0.970691868,0.992194142,0.978328562,-2.473733333,,,,,,,,,,,,,,,,,,,,,,,,,,,,,,,,,,,,,,,,
7/1/1996,84.402375,85.9606,1.018461862,1.075842072,0.946664839,1.558225,,,,,,,,,,,,,,,,,,,,,,,,,,,,,,,,,,,,,,,,
8/1/1996,84.15316667,86.5562,1.028555471,1.077011267,0.955009017,2.403033333,,,,,,,,,,,,,,,,,,,,,,,,,,,,,,,,,,,,,,,,
9/1/1996,84.21053333,79.1919,0.940403734,0.977990757,0.961567098,-5.018633333,,,,,,,,,,,,,,,,,,,,,,,,,,,,,,,,,,,,,,,,
10/1/1996,84.29240833,74.6891,0.886071492,0.907149422,0.976764655,-9.603308333,,,,,,,,,,,,,,,,,,,,,,,,,,,,,,,,,,,,,,,,
11/1/1996,84.41071667,81.074,0.960470462,0.939917581,1.021866684,-3.336716667,,,,,,,,,,,,,,,,,,,,,,,,,,,,,,,,,,,,,,,,
12/1/1996,84.38241667,90.4855,1.072326482,1.079208168,0.993623393,6.103083333,,,,,,,,,,,,,,,,,,,,,,,,,,,,,,,,,,,,,,,,
1/1/1997,84.33975833,98.4613,1.167436354,1.156766351,1.009223992,14.12154167,,,,,,,,,,,,,,,,,,,,,,,,,,,,,,,,,,,,,,,,
2/1/1997,84.08069167,89.7795,1.067777848,1.07360284,0.994574351,5.698808333,,,,,,,,,,,,,,,,,,,,,,,,,,,,,,,,,,,,,,,,
3/1/1997,83.75376667,83.0125,0.991149453,1.003323925,0.987865861,-0.741266667,,,,,,,,,,,,,,,,,,,,,,,,,,,,,,,,,,,,,,,,
4/1/1997,83.66428333,76.1476,0.910156604,0.902779203,1.008171878,-7.516683333,,,,,,,,,,,,,,,,,,,,,,,,,,,,,,,,,,,,,,,,
5/1/1997,83.42799167,73.8471,0.885159747,0.903466473,0.979737238,-9.580891667,,,,,,,,,,,,,,,,,,,,,,,,,,,,,,,,,,,,,,,,
6/1/1997,83.24748333,79.7645,0.958161098,0.992194142,0.965699208,-3.482983333,,,,,,,,,,,,,,,,,,,,,,,,,,,,,,,,,,,,,,,,
7/1/1997,83.45509167,88.4519,1.059874218,1.075842072,0.985157808,4.996808333,,,,,,,,,,,,,,,,,,,,,,,,,,,,,,,,,,,,,,,,
8/1/1997,83.55730833,87.7828,1.050569983,1.077011267,0.97544939,4.225491667,,,,,,,,,,,,,,,,,,,,,,,,,,,,,,,,,,,,,,,,
9/1/1997,83.7862,81.9386,0.977948636,0.977990757,0.999956931,-1.8476,,,,,,,,,,,,,,,,,,,,,,,,,,,,,,,,,,,,,,,,
10/1/1997,84.02066667,77.5027,0.922424245,0.907149422,1.016838265,-6.517966667,,,,,,,,,,,,,,,,,,,,,,,,,,,,,,,,,,,,,,,,
11/1/1997,84.10156667,82.0448,0.975544253,0.939917581,1.037904038,-2.056766667,,,,,,,,,,,,,,,,,,,,,,,,,,,,,,,,,,,,,,,,
12/1/1997,84.23619167,92.101,1.093366143,1.079208168,1.013118854,7.864808333,,,,,,,,,,,,,,,,,,,,,,,,,,,,,,,,,,,,,,,,
1/1/1998,83.93041667,94.792,1.129411765,1.156766351,0.97635254,10.86158333,,,,,,,,,,,,,,,,,,,,,,,,,,,,,,,,,,,,,,,,
2/1/1998,83.767125,87.82,1.048382644,1.07360284,0.976508822,4.052875,,,,,,,,,,,,,,,,,,,,,,,,,,,,,,,,,,,,,,,,
3/1/1998,84.062325,86.5549,1.029651512,1.003323925,1.026240366,2.492575,,,,,,,,,,,,,,,,,,,,,,,,,,,,,,,,,,,,,,,,
4/1/1998,84.1127,76.7521,0.912491217,0.902779203,1.010757907,-7.3606,,,,,,,,,,,,,,,,,,,,,,,,,,,,,,,,,,,,,,,,
5/1/1998,84.4613,78.0303,0.923858619,0.903466473,1.022571005,-6.431,,,,,,,,,,,,,,,,,,,,,,,,,,,,,,,,,,,,,,,,
6/1/1998,85.01908333,86.4579,1.016923455,0.992194142,1.024923865,1.438816667,,,,,,,,,,,,,,,,,,,,,,,,,,,,,,,,,,,,,,,,
7/1/1998,85.46791667,93.8379,1.09793129,1.075842072,1.020532026,8.369983333,,,,,,,,,,,,,,,,,,,,,,,,,,,,,,,,,,,,,,,,
8/1/1998,85.94693333,93.531,1.088241271,1.077011267,1.010427007,7.584066667,,,,,,,,,,,,,,,,,,,,,,,,,,,,,,,,,,,,,,,,
9/1/1998,86.41383333,87.5414,1.013048451,0.977990757,1.035846651,1.127566667,,,,,,,,,,,,,,,,,,,,,,,,,,,,,,,,,,,,,,,,
10/1/1998,86.62964167,80.0924,0.92453805,0.907149422,1.019168428,-6.537241667,,,,,,,,,,,,,,,,,,,,,,,,,,,,,,,,,,,,,,,,
11/1/1998,86.57881667,81.4349,0.940586891,0.939917581,1.000712094,-5.143916667,,,,,,,,,,,,,,,,,,,,,,,,,,,,,,,,,,,,,,,,
12/1/1998,86.544075,91.6841,1.059391992,1.079208168,0.981638226,5.140025,,,,,,,,,,,,,,,,,,,,,,,,,,,,,,,,,,,,,,,,
1/1/1999,87.155975,102.1348,1.171862285,1.156766351,1.013050115,14.978825,,,,,,,,,,,,,,,,,,,,,,,,,,,,,,,,,,,,,,,,
2/1/1999,87.43621667,91.1829,1.042850474,1.07360284,0.97135592,3.746683333,,,,,,,,,,,,,,,,,,,,,,,,,,,,,,,,,,,,,,,,
3/1/1999,87.78481667,90.7381,1.033642302,1.003323925,1.030217936,2.953283333,,,,,,,,,,,,,,,,,,,,,,,,,,,,,,,,,,,,,,,,
4/1/1999,88.09860833,80.5176,0.913948603,0.902779203,1.012372239,-7.581008333,,,,,,,,,,,,,,,,,,,,,,,,,,,,,,,,,,,,,,,,
5/1/1999,88.21180833,79.3887,0.899978149,0.903466473,0.996138956,-8.823108333,,,,,,,,,,,,,,,,,,,,,,,,,,,,,,,,,,,,,,,,
6/1/1999,88.32724167,87.8431,0.994518773,0.992194142,1.002342919,-0.484141667,,,,,,,,,,,,,,,,,,,,,,,,,,,,,,,,,,,,,,,,
7/1/1999,88.63160833,97.4903,1.099949576,1.075842072,1.022408032,8.858691667,,,,,,,,,,,,,,,,,,,,,,,,,,,,,,,,,,,,,,,,
8/1/1999,88.872,96.4157,1.084882753,1.077011267,1.007308638,7.5437,,,,,,,,,,,,,,,,,,,,,,,,,,,,,,,,,,,,,,,,
9/1/1999,88.84561667,87.2248,0.981756932,0.977990757,1.00385093,-1.620816667,,,,,,,,,,,,,,,,,,,,,,,,,,,,,,,,,,,,,,,,
10/1/1999,88.891325,80.6409,0.907185262,0.907149422,1.000039509,-8.250425,,,,,,,,,,,,,,,,,,,,,,,,,,,,,,,,,,,,,,,,
11/1/1999,88.95529167,82.2025,0.924087803,0.939917581,0.983158333,-6.752791667,,,,,,,,,,,,,,,,,,,,,,,,,,,,,,,,,,,,,,,,
12/1/1999,89.19089167,94.5113,1.059651924,1.079208168,0.981879081,5.320408333,,,,,,,,,,,,,,,,,,,,,,,,,,,,,,,,,,,,,,,,
1/1/2000,89.19883333,102.2301,1.146092344,1.156766351,0.990772547,13.03126667,,,,,,,,,,,,,,,,,,,,,,,,,,,,,,,,,,,,,,,,
2/1/2000,89.4585,94.2989,1.054107771,1.07360284,0.981841451,4.8404,,,,,,,,,,,,,,,,,,,,,,,,,,,,,,,,,,,,,,,,
3/1/2000,89.23805,88.0927,0.987165228,1.003323925,0.983894836,-1.14535,,,,,,,,,,,,,,,,,,,,,,,,,,,,,,,,,,,,,,,,
4/1/2000,89.315125,81.4425,0.911855635,0.902779203,1.010053878,-7.872625,,,,,,,,,,,,,,,,,,,,,,,,,,,,,,,,,,,,,,,,
5/1/2000,89.73733333,84.4552,0.941137839,0.903466473,1.041696474,-5.282133333,,,,,,,,,,,,,,,,,,,,,,,,,,,,,,,,,,,,,,,,
6/1/2000,90.00379167,91.0406,1.011519607,0.992194142,1.019477504,1.036808333,,,,,,,,,,,,,,,,,,,,,,,,,,,,,,,,,,,,,,,,
7/1/2000,89.87924167,95.9957,1.068051957,1.075842072,0.992759053,6.116458333,,,,,,,,,,,,,,,,,,,,,,,,,,,,,,,,,,,,,,,,
8/1/2000,90.12546667,99.3704,1.102578479,1.077011267,1.023739039,9.244933333,,,,,,,,,,,,,,,,,,,,,,,,,,,,,,,,,,,,,,,,
9/1/2000,90.43321667,90.9178,1.005358466,0.977990757,1.027983607,0.484583333,,,,,,,,,,,,,,,,,,,,,,,,,,,,,,,,,,,,,,,,
10/1/2000,90.64154167,83.1408,0.9172483,0.907149422,1.011132541,-7.500741667,,,,,,,,,,,,,,,,,,,,,,,,,,,,,,,,,,,,,,,,
11/1/2000,91.12808333,88.041,0.966123689,0.939917581,1.027881282,-3.087083333,,,,,,,,,,,,,,,,,,,,,,,,,,,,,,,,,,,,,,,,
12/1/2000,91.790125,102.4558,1.116196323,1.079208168,1.03427342,10.665675,,,,,,,,,,,,,,,,,,,,,,,,,,,,,,,,,,,,,,,,
1/1/2001,92.36329167,109.1081,1.181292893,1.156766351,1.021202676,16.74480833,,,,,,,,,,,,,,,,,,,,,,,,,,,,,,,,,,,,,,,,
2/1/2001,92.60269167,97.1717,1.049339908,1.07360284,0.977400459,4.569008333,,,,,,,,,,,,,,,,,,,,,,,,,,,,,,,,,,,,,,,,
3/1/2001,92.997325,92.8283,0.998182475,1.003323925,0.994875583,-0.169025,,,,,,,,,,,,,,,,,,,,,,,,,,,,,,,,,,,,,,,,
4/1/2001,93.12003333,82.915,0.890409905,0.902779203,0.986298645,-10.20503333,,,,,,,,,,,,,,,,,,,,,,,,,,,,,,,,,,,,,,,,
5/1/2001,92.960975,82.5465,0.887969387,0.903466473,0.982847083,-10.414475,,,,,,,,,,,,,,,,,,,,,,,,,,,,,,,,,,,,,,,,
6/1/2001,92.90721667,90.3955,0.972965322,0.992194142,0.980619902,-2.511716667,,,,,,,,,,,,,,,,,,,,,,,,,,,,,,,,,,,,,,,,
7/1/2001,92.91374167,96.074,1.03401282,1.075842072,0.961119523,3.160258333,,,,,,,,,,,,,,,,,,,,,,,,,,,,,,,,,,,,,,,,
8/1/2001,92.92899167,99.5534,1.071284625,1.077011267,0.994682839,6.624408333,,,,,,,,,,,,,,,,,,,,,,,,,,,,,,,,,,,,,,,,
9/1/2001,92.70925833,88.281,0.952234993,0.977990757,0.973664614,-4.428258333,,,,,,,,,,,,,,,,,,,,,,,,,,,,,,,,,,,,,,,,
10/1/2001,92.67135833,82.686,0.89224979,0.907149422,0.983575328,-9.985358333,,,,,,,,,,,,,,,,,,,,,,,,,,,,,,,,,,,,,,,,
11/1/2001,92.2456,82.9319,0.899033667,0.939917581,0.95650266,-9.3137,,,,,,,,,,,,,,,,,,,,,,,,,,,,,,,,,,,,,,,,
12/1/2001,91.46079167,93.0381,1.017245732,1.079208168,0.942585279,1.577308333,,,,,,,,,,,,,,,,,,,,,,,,,,,,,,,,,,,,,,,,
1/1/2002,90.95140833,102.9955,1.132423366,1.156766351,0.978956005,12.04409167,,,,,,,,,,,,,,,,,,,,,,,,,,,,,,,,,,,,,,,,
2/1/2002,90.787725,95.2075,1.048682517,1.07360284,0.976788136,4.419775,,,,,,,,,,,,,,,,,,,,,,,,,,,,,,,,,,,,,,,,
3/1/2002,90.82333333,93.2556,1.026780196,1.003323925,1.023378563,2.432266667,,,,,,,,,,,,,,,,,,,,,,,,,,,,,,,,,,,,,,,,
4/1/2002,91.06333333,85.795,0.942146491,0.902779203,1.043606774,-5.268333333,,,,,,,,,,,,,,,,,,,,,,,,,,,,,,,,,,,,,,,,
5/1/2002,91.28738333,85.2351,0.933700769,0.903466473,1.033464768,-6.052283333,,,,,,,,,,,,,,,,,,,,,,,,,,,,,,,,,,,,,,,,
6/1/2002,91.520225,93.1896,1.018240504,0.992194142,1.026251275,1.669375,,,,,,,,,,,,,,,,,,,,,,,,,,,,,,,,,,,,,,,,
7/1/2002,92.04680833,102.393,1.112401417,1.075842072,1.033982074,10.34619167,,,,,,,,,,,,,,,,,,,,,,,,,,,,,,,,,,,,,,,,
8/1/2002,92.2198,101.6293,1.102033403,1.077011267,1.023232938,9.4095,,,,,,,,,,,,,,,,,,,,,,,,,,,,,,,,,,,,,,,,
9/1/2002,92.63879167,93.3089,1.007233561,0.977990757,1.0299009,0.670108333,,,,,,,,,,,,,,,,,,,,,,,,,,,,,,,,,,,,,,,,
10/1/2002,92.989975,86.9002,0.934511489,0.907149422,1.03016269,-6.089775,,,,,,,,,,,,,,,,,,,,,,,,,,,,,,,,,,,,,,,,
11/1/2002,93.460225,88.5749,0.947728298,0.939917581,1.008310002,-4.885325,,,,,,,,,,,,,,,,,,,,,,,,,,,,,,,,,,,,,,,,
12/1/2002,94.107075,100.8003,1.071123505,1.079208168,0.992508708,6.693225,,,,,,,,,,,,,,,,,,,,,,,,,,,,,,,,,,,,,,,,
1/1/2003,94.70584167,110.1807,1.163399195,1.156766351,1.005733953,15.47485833,,,,,,,,,,,,,,,,,,,,,,,,,,,,,,,,,,,,,,,,
2/1/2003,95.425325,103.8413,1.088194355,1.07360284,1.013591167,8.415975,,,,,,,,,,,,,,,,,,,,,,,,,,,,,,,,,,,,,,,,
3/1/2003,95.53345833,94.5532,0.98973911,1.003323925,0.986460191,-0.980258333,,,,,,,,,,,,,,,,,,,,,,,,,,,,,,,,,,,,,,,,
4/1/2003,95.472375,85.062,0.890959296,0.902779203,0.986907201,-10.410375,,,,,,,,,,,,,,,,,,,,,,,,,,,,,,,,,,,,,,,,
5/1/2003,95.49155833,85.4653,0.895003721,0.903466473,0.99063302,-10.02625833,,,,,,,,,,,,,,,,,,,,,,,,,,,,,,,,,,,,,,,,
6/1/2003,95.31543333,91.0761,0.955523117,0.992194142,0.963040475,-4.239333333,,,,,,,,,,,,,,,,,,,,,,,,,,,,,,,,,,,,,,,,
7/1/2003,95.30101667,102.22,1.072601359,1.075842072,0.996987743,6.918983333,,,,,,,,,,,,,,,,,,,,,,,,,,,,,,,,,,,,,,,,
8/1/2003,95.53759167,104.4682,1.093477428,1.077011267,1.015288755,8.930608333,,,,,,,,,,,,,,,,,,,,,,,,,,,,,,,,,,,,,,,,
9/1/2003,95.50464167,92.9135,0.972868945,0.977990757,0.994762924,-2.591141667,,,,,,,,,,,,,,,,,,,,,,,,,,,,,,,,,,,,,,,,
10/1/2003,95.47168333,86.5047,0.906077038,0.907149422,0.998817852,-8.966983333,,,,,,,,,,,,,,,,,,,,,,,,,,,,,,,,,,,,,,,,
11/1/2003,95.47156667,88.5735,0.927747424,0.939917581,0.987051889,-6.898066667,,,,,,,,,,,,,,,,,,,,,,,,,,,,,,,,,,,,,,,,
12/1/2003,95.70010833,103.5428,1.081950708,1.079208168,1.002541252,7.842691667,,,,,,,,,,,,,,,,,,,,,,,,,,,,,,,,,,,,,,,,
1/1/2004,95.99526667,113.7226,1.184668827,1.156766351,1.0241211,17.72733333,,,,,,,,,,,,,,,,,,,,,,,,,,,,,,,,,,,,,,,,
2/1/2004,96.18840833,106.159,1.103656894,1.07360284,1.027993643,9.970591667,,,,,,,,,,,,,,,,,,,,,,,,,,,,,,,,,,,,,,,,
3/1/2004,96.25921667,95.4029,0.991104055,1.003323925,0.987820614,-0.856316667,,,,,,,,,,,,,,,,,,,,,,,,,,,,,,,,,,,,,,,,
4/1/2004,96.39765833,86.7233,0.899641148,0.902779203,0.996524006,-9.674358333,,,,,,,,,,,,,,,,,,,,,,,,,,,,,,,,,,,,,,,,
5/1/2004,96.69473333,89.0302,0.920734738,0.903466473,1.019113344,-7.664533333,,,,,,,,,,,,,,,,,,,,,,,,,,,,,,,,,,,,,,,,
6/1/2004,97.06376667,95.5045,0.983935646,0.992194142,0.991676533,-1.559266667,,,,,,,,,,,,,,,,,,,,,,,,,,,,,,,,,,,,,,,,
7/1/2004,97.02833333,101.7948,1.049124483,1.075842072,0.975165881,4.766466667,,,,,,,,,,,,,,,,,,,,,,,,,,,,,,,,,,,,,,,,
8/1/2004,96.67285833,100.2025,1.036511196,1.077011267,0.962395871,3.529641667,,,,,,,,,,,,,,,,,,,,,,,,,,,,,,,,,,,,,,,,
9/1/2004,96.7654,94.024,0.971669626,0.977990757,0.993536614,-2.7414,,,,,,,,,,,,,,,,,,,,,,,,,,,,,,,,,,,,,,,,
10/1/2004,96.850525,87.5262,0.90372458,0.907149422,0.996224611,-9.324325,,,,,,,,,,,,,,,,,,,,,,,,,,,,,,,,,,,,,,,,
11/1/2004,96.93726667,89.6144,0.924457673,0.939917581,0.983551847,-7.322866667,,,,,,,,,,,,,,,,,,,,,,,,,,,,,,,,,,,,,,,,
12/1/2004,97.119225,105.7263,1.088623802,1.079208168,1.008724576,8.607075,,,,,,,,,,,,,,,,,,,,,,,,,,,,,,,,,,,,,,,,
1/1/2005,96.90579167,111.1614,1.147107908,1.156766351,0.991650481,14.25560833,,,,,,,,,,,,,,,,,,,,,,,,,,,,,,,,,,,,,,,,
2/1/2005,96.54083333,101.7795,1.05426374,1.07360284,0.981986728,5.238666667,,,,,,,,,,,,,,,,,,,,,,,,,,,,,,,,,,,,,,,,
3/1/2005,96.83696667,98.9565,1.021887647,1.003323925,1.018502222,2.119533333,,,,,,,,,,,,,,,,,,,,,,,,,,,,,,,,,,,,,,,,
4/1/2005,96.81649167,86.4776,0.893211461,0.902779203,0.989401903,-10.33889167,,,,,,,,,,,,,,,,,,,,,,,,,,,,,,,,,,,,,,,,
5/1/2005,96.665925,87.2234,0.902317957,0.903466473,0.998728768,-9.442525,,,,,,,,,,,,,,,,,,,,,,,,,,,,,,,,,,,,,,,,
6/1/2005,96.99951667,99.5076,1.025856658,0.992194142,1.033927348,2.508083333,,,,,,,,,,,,,,,,,,,,,,,,,,,,,,,,,,,,,,,,
7/1/2005,97.54579167,108.3501,1.110761399,1.075842072,1.032457669,10.80430833,,,,,,,,,,,,,,,,,,,,,,,,,,,,,,,,,,,,,,,,
8/1/2005,98.31943333,109.4862,1.113576394,1.077011267,1.033950552,11.16676667,,,,,,,,,,,,,,,,,,,,,,,,,,,,,,,,,,,,,,,,
9/1/2005,98.743725,99.1155,1.003765049,0.977990757,1.026354331,0.371775,,,,,,,,,,,,,,,,,,,,,,,,,,,,,,,,,,,,,,,,
10/1/2005,98.9296,89.7567,0.907278509,0.907149422,1.0001423,-9.1729,,,,,,,,,,,,,,,,,,,,,,,,,,,,,,,,,,,,,,,,
11/1/2005,98.99995833,90.4587,0.913724627,0.939917581,0.972132712,-8.541258333,,,,,,,,,,,,,,,,,,,,,,,,,,,,,,,,,,,,,,,,
12/1/2005,99.20824167,108.2257,1.090894246,1.079208168,1.010828381,9.017458333,,,,,,,,,,,,,,,,,,,,,,,,,,,,,,,,,,,,,,,,
1/1/2006,98.650825,104.4724,1.059011924,1.156766351,0.915493369,5.821575,,,,,,,,,,,,,,,,,,,,,,,,,,,,,,,,,,,,,,,,
2/1/2006,98.62916667,101.5196,1.029306071,1.07360284,0.958740078,2.890433333,,,,,,,,,,,,,,,,,,,,,,,,,,,,,,,,,,,,,,,,
3/1/2006,98.58293333,98.4017,0.998161616,1.003323925,0.994854793,-0.181233333,,,,,,,,,,,,,,,,,,,,,,,,,,,,,,,,,,,,,,,,
4/1/2006,98.66890833,87.5093,0.886898431,0.902779203,0.982409019,-11.15960833,,,,,,,,,,,,,,,,,,,,,,,,,,,,,,,,,,,,,,,,
5/1/2006,98.90214167,90.0222,0.91021487,0.903466473,1.007469449,-8.879941667,,,,,,,,,,,,,,,,,,,,,,,,,,,,,,,,,,,,,,,,
6/1/2006,98.986875,100.5244,1.015532615,0.992194142,1.023522083,1.537525,,,,,,,,,,,,,,,,,,,,,,,,,,,,,,,,,,,,,,,,
7/1/2006,99.20355833,110.9503,1.118410487,1.075842072,1.039567531,11.74674167,,,,,,,,,,,,,,,,,,,,,,,,,,,,,,,,,,,,,,,,
8/1/2006,99.372975,111.5192,1.122228654,1.077011267,1.041984136,12.146225,,,,,,,,,,,,,,,,,,,,,,,,,,,,,,,,,,,,,,,,
9/1/2006,99.09361667,95.7632,0.966391209,0.977990757,0.988139409,-3.330416667,,,,,,,,,,,,,,,,,,,,,,,,,,,,,,,,,,,,,,,,
10/1/2006,99.14504167,90.3738,0.911531212,0.907149422,1.004830285,-8.771241667,,,,,,,,,,,,,,,,,,,,,,,,,,,,,,,,,,,,,,,,
11/1/2006,99.3032,92.3566,0.930046564,0.939917581,0.989497998,-6.9466,,,,,,,,,,,,,,,,,,,,,,,,,,,,,,,,,,,,,,,,
12/1/2006,98.873225,103.066,1.042405565,1.079208168,0.965898513,4.192775,,,,,,,,,,,,,,,,,,,,,,,,,,,,,,,,,,,,,,,,
1/1/2007,99.505325,112.0576,1.126146767,1.156766351,0.973530018,12.552275,,,,,,,,,,,,,,,,,,,,,,,,,,,,,,,,,,,,,,,,
2/1/2007,100.36535,111.8399,1.114327803,1.07360284,1.037932988,11.47455,,,,,,,,,,,,,,,,,,,,,,,,,,,,,,,,,,,,,,,,
3/1/2007,100.43125,99.1925,0.987665692,1.003323925,0.984393642,-1.23875,,,,,,,,,,,,,,,,,,,,,,,,,,,,,,,,,,,,,,,,
4/1/2007,100.70695,90.8177,0.901801713,0.902779203,0.998917244,-9.88925,,,,,,,,,,,,,,,,,,,,,,,,,,,,,,,,,,,,,,,,
5/1/2007,100.8766583,92.0587,0.912586732,0.903466473,1.010094741,-8.817958333,,,,,,,,,,,,,,,,,,,,,,,,,,,,,,,,,,,,,,,,
6/1/2007,100.9135917,100.9676,1.000535194,0.992194142,1.008406673,0.054008333,,,,,,,,,,,,,,,,,,,,,,,,,,,,,,,,,,,,,,,,
7/1/2007,100.6317833,107.5686,1.068932662,1.075842072,0.993577672,6.936816667,,,,,,,,,,,,,,,,,,,,,,,,,,,,,,,,,,,,,,,,
8/1/2007,100.84715,114.1036,1.131450914,1.077011267,1.050546961,13.25645,,,,,,,,,,,,,,,,,,,,,,,,,,,,,,,,,,,,,,,,
9/1/2007,101.32785,101.5316,1.0020108,0.977990757,1.024560603,0.20375,,,,,,,,,,,,,,,,,,,,,,,,,,,,,,,,,,,,,,,,
10/1/2007,101.5472667,93.0068,0.915896637,0.907149422,1.009642529,-8.540466667,,,,,,,,,,,,,,,,,,,,,,,,,,,,,,,,,,,,,,,,
11/1/2007,101.6769333,93.9126,0.92363722,0.939917581,0.982678948,-7.764333333,,,,,,,,,,,,,,,,,,,,,,,,,,,,,,,,,,,,,,,,
12/1/2007,101.9841667,106.7528,1.046758565,1.079208168,0.969932026,4.768633333,,,,,,,,,,,,,,,,,,,,,,,,,,,,,,,,,,,,,,,,
1/1/2008,102.2154583,114.8331,1.123441619,1.156766351,0.971191475,12.61764167,,,,,,,,,,,,,,,,,,,,,,,,,,,,,,,,,,,,,,,,
2/1/2008,101.915075,108.2353,1.062014623,1.07360284,0.989206235,6.320225,,,,,,,,,,,,,,,,,,,,,,,,,,,,,,,,,,,,,,,,
3/1/2008,102.0189167,100.4386,0.984509572,1.003323925,0.981247978,-1.580316667,,,,,,,,,,,,,,,,,,,,,,,,,,,,,,,,,,,,,,,,
4/1/2008,102.0336417,90.9944,0.891807824,0.902779203,0.987847108,-11.03924167,,,,,,,,,,,,,,,,,,,,,,,,,,,,,,,,,,,,,,,,
5/1/2008,101.9649833,91.2348,0.894765997,0.903466473,0.990369897,-10.73018333,,,,,,,,,,,,,,,,,,,,,,,,,,,,,,,,,,,,,,,,
6/1/2008,102.2141917,103.9581,1.017061313,0.992194142,1.025062808,1.743908333,,,,,,,,,,,,,,,,,,,,,,,,,,,,,,,,,,,,,,,,
7/1/2008,102.4804,110.7631,1.080822284,1.075842072,1.004629129,8.2827,,,,,,,,,,,,,,,,,,,,,,,,,,,,,,,,,,,,,,,,
8/1/2008,101.9356417,107.5665,1.055239348,1.077011267,0.979784873,5.630858333,,,,,,,,,,,,,,,,,,,,,,,,,,,,,,,,,,,,,,,,
9/1/2008,101.6178667,97.7183,0.961625187,0.977990757,0.98326613,-3.899566667,,,,,,,,,,,,,,,,,,,,,,,,,,,,,,,,,,,,,,,,
10/1/2008,101.4504583,90.9979,0.896968841,0.907149422,0.988777393,-10.45255833,,,,,,,,,,,,,,,,,,,,,,,,,,,,,,,,,,,,,,,,
11/1/2008,101.44155,93.8057,0.924726604,0.939917581,0.983837969,-7.63585,,,,,,,,,,,,,,,,,,,,,,,,,,,,,,,,,,,,,,,,
12/1/2008,101.6639917,109.4221,1.07631127,1.079208168,0.997315719,7.758108333,,,,,,,,,,,,,,,,,,,,,,,,,,,,,,,,,,,,,,,,
1/1/2009,101.8305333,116.8316,1.147314034,1.156766351,0.991828672,15.00106667,,,,,,,,,,,,,,,,,,,,,,,,,,,,,,,,,,,,,,,,
2/1/2009,101.5126083,104.4202,1.028642665,1.07360284,0.958122154,2.907591667,,,,,,,,,,,,,,,,,,,,,,,,,,,,,,,,,,,,,,,,
3/1/2009,101.2971333,97.8529,0.965998709,1.003323925,0.962798439,-3.444233333,,,,,,,,,,,,,,,,,,,,,,,,,,,,,,,,,,,,,,,,
4/1/2009,101.0640417,88.1973,0.872687244,0.902779203,0.966667422,-12.86674167,,,,,,,,,,,,,,,,,,,,,,,,,,,,,,,,,,,,,,,,
5/1/2009,100.7558583,87.5366,0.86879911,0.903466473,0.961628501,-13.21925833,,,,,,,,,,,,,,,,,,,,,,,,,,,,,,,,,,,,,,,,
6/1/2009,100.1959083,97.2387,0.970485738,0.992194142,0.97812081,-2.957208333,,,,,,,,,,,,,,,,,,,,,,,,,,,,,,,,,,,,,,,,
7/1/2009,99.6247,103.9086,1.04300038,1.075842072,0.969473501,4.2839,,,,,,,,,,,,,,,,,,,,,,,,,,,,,,,,,,,,,,,,
8/1/2009,99.47320833,105.7486,1.06308625,1.077011267,0.987070686,6.275391667,,,,,,,,,,,,,,,,,,,,,,,,,,,,,,,,,,,,,,,,
9/1/2009,99.236875,94.8823,0.956119386,0.977990757,0.977636423,-4.354575,,,,,,,,,,,,,,,,,,,,,,,,,,,,,,,,,,,,,,,,
10/1/2009,99.09519167,89.2977,0.901130504,0.907149422,0.99336502,-9.797491667,,,,,,,,,,,,,,,,,,,,,,,,,,,,,,,,,,,,,,,,
11/1/2009,98.72459167,89.3585,0.905129092,0.939917581,0.962987724,-9.366091667,,,,,,,,,,,,,,,,,,,,,,,,,,,,,,,,,,,,,,,,
12/1/2009,98.82978333,110.6844,1.11994984,1.079208168,1.037751448,11.85461667,,,,,,,,,,,,,,,,,,,,,,,,,,,,,,,,,,,,,,,,
1/1/2010,99.01186667,119.0166,1.202043795,1.156766351,1.039141391,20.00473333,,,,,,,,,,,,,,,,,,,,,,,,,,,,,,,,,,,,,,,,
2/1/2010,99.52126667,110.533,1.110647038,1.07360284,1.034504564,11.01173333,,,,,,,,,,,,,,,,,,,,,,,,,,,,,,,,,,,,,,,,
3/1/2010,99.55579167,98.2672,0.987056588,1.003323925,0.983786555,-1.288591667,,,,,,,,,,,,,,,,,,,,,,,,,,,,,,,,,,,,,,,,
4/1/2010,99.39768333,86.3,0.868229491,0.902779203,0.961729611,-13.09768333,,,,,,,,,,,,,,,,,,,,,,,,,,,,,,,,,,,,,,,,
5/1/2010,99.67266667,90.8364,0.911347143,0.903466473,1.008722704,-8.836266667,,,,,,,,,,,,,,,,,,,,,,,,,,,,,,,,,,,,,,,,
6/1/2010,100.2655917,104.3538,1.040773792,0.992194142,1.048961839,4.088208333,,,,,,,,,,,,,,,,,,,,,,,,,,,,,,,,,,,,,,,,
7/1/2010,101.0070917,112.8066,1.116818613,1.075842072,1.038087877,11.79950833,,,,,,,,,,,,,,,,,,,,,,,,,,,,,,,,,,,,,,,,
8/1/2010,101.6031583,112.9014,1.111199709,1.077011267,1.031743811,11.29824167,,,,,,,,,,,,,,,,,,,,,,,,,,,,,,,,,,,,,,,,
9/1/2010,102.0397083,100.1209,0.981195474,0.977990757,1.003276838,-1.918808333,,,,,,,,,,,,,,,,,,,,,,,,,,,,,,,,,,,,,,,,
10/1/2010,102.0086583,88.9251,0.871740708,0.907149422,0.960967054,-13.08355833,,,,,,,,,,,,,,,,,,,,,,,,,,,,,,,,,,,,,,,,
11/1/2010,102.2933667,92.775,0.906950304,0.939917581,0.964925353,-9.518366667,,,,,,,,,,,,,,,,,,,,,,,,,,,,,,,,,,,,,,,,
12/1/2010,102.5968833,114.3266,1.114328197,1.079208168,1.032542404,11.72971667,,,,,,,,,,,,,,,,,,,,,,,,,,,,,,,,,,,,,,,,
1/1/2011,102.6361667,119.488,1.164190011,1.156766351,1.006417597,16.85183333,,,,,,,,,,,,,,,,,,,,,,,,,,,,,,,,,,,,,,,,
2/1/2011,102.373025,107.3753,1.048863214,1.07360284,0.976956445,5.002275,,,,,,,,,,,,,,,,,,,,,,,,,,,,,,,,,,,,,,,,
3/1/2011,102.4426583,99.1028,0.967397778,1.003323925,0.964192873,-3.339858333,,,,,,,,,,,,,,,,,,,,,,,,,,,,,,,,,,,,,,,,
4/1/2011,102.6975167,89.3583,0.870111595,0.902779203,0.963814399,-13.33921667,,,,,,,,,,,,,,,,,,,,,,,,,,,,,,,,,,,,,,,,
5/1/2011,102.6336333,90.0698,0.877585613,0.903466473,0.971353824,-12.56383333,,,,,,,,,,,,,,,,,,,,,,,,,,,,,,,,,,,,,,,,
6/1/2011,102.50585,102.8204,1.003068605,0.992194142,1.010960016,0.31455,,,,,,,,,,,,,,,,,,,,,,,,,,,,,,,,,,,,,,,,
7/1/2011,102.6642,114.7068,1.11730087,1.075842072,1.038536137,12.0426,,,,,,,,,,,,,,,,,,,,,,,,,,,,,,,,,,,,,,,,
8/1/2011,102.7220667,113.5958,1.105855866,1.077011267,1.026782077,10.87373333,,,,,,,,,,,,,,,,,,,,,,,,,,,,,,,,,,,,,,,,
9/1/2011,102.667925,99.4712,0.96886345,0.977990757,0.990667287,-3.196725,,,,,,,,,,,,,,,,,,,,,,,,,,,,,,,,,,,,,,,,
10/1/2011,102.7872167,90.3566,0.879064566,0.907149422,0.96904054,-12.43061667,,,,,,,,,,,,,,,,,,,,,,,,,,,,,,,,,,,,,,,,
11/1/2011,102.873425,93.8095,0.911892454,0.939917581,0.970183421,-9.063925,,,,,,,,,,,,,,,,,,,,,,,,,,,,,,,,,,,,,,,,
12/1/2011,102.290475,107.3312,1.049278537,1.079208168,0.972267046,5.040725,,,,,,,,,,,,,,,,,,,,,,,,,,,,,,,,,,,,,,,,
1/1/2012,101.663525,111.9646,1.10132518,1.156766351,0.952072283,10.301075,,,,,,,,,,,,,,,,,,,,,,,,,,,,,,,,,,,,,,,,
2/1/2012,101.329575,103.3679,1.020115795,1.07360284,0.950179859,2.038325,,,,,,,,,,,,,,,,,,,,,,,,,,,,,,,,,,,,,,,,
3/1/2012,100.8691083,93.5772,0.927709202,1.003323925,0.924635782,-7.291908333,,,,,,,,,,,,,,,,,,,,,,,,,,,,,,,,,,,,,,,,
4/1/2012,100.7189667,87.5566,0.869315908,0.902779203,0.962933025,-13.16236667,,,,,,,,,,,,,,,,,,,,,,,,,,,,,,,,,,,,,,,,
5/1/2012,100.943175,92.7603,0.918935827,0.903466473,1.017122223,-8.182875,,,,,,,,,,,,,,,,,,,,,,,,,,,,,,,,,,,,,,,,
6/1/2012,100.8031417,101.14,1.003341744,0.992194142,1.011235303,0.336858333,,,,,,,,,,,,,,,,,,,,,,,,,,,,,,,,,,,,,,,,
7/1/2012,100.6638833,113.0357,1.122902239,1.075842072,1.043742635,12.37181667,,,,,,,,,,,,,,,,,,,,,,,,,,,,,,,,,,,,,,,,
8/1/2012,100.352575,109.8601,1.094741216,1.077011267,1.016462176,9.507525,,,,,,,,,,,,,,,,,,,,,,,,,,,,,,,,,,,,,,,,
9/1/2012,100.1252333,96.7431,0.966220969,0.977990757,0.987965338,-3.382133333,,,,,,,,,,,,,,,,,,,,,,,,,,,,,,,,,,,,,,,,
10/1/2012,100.127225,90.3805,0.902656595,0.907149422,0.995047313,-9.746725,,,,,,,,,,,,,,,,,,,,,,,,,,,,,,,,,,,,,,,,
11/1/2012,100.171575,94.3417,0.941801105,0.939917581,1.002003924,-5.829875,,,,,,,,,,,,,,,,,,,,,,,,,,,,,,,,,,,,,,,,
12/1/2012,99.99999167,105.2722,1.052722088,1.079208168,0.975457858,5.272208333,,,,,,,,,,,,,,,,,,,,,,,,,,,,,,,,,,,,,,,,
1/1/2013,100.2946917,115.501,1.151616283,1.156766351,0.995547875,15.20630833,,,,,,,,,,,,,,,,,,,,,,,,,,,,,,,,,,,,,,,,
2/1/2013,100.5752,106.734,1.061235772,1.07360284,0.988480779,6.1588,,,,,,,,,,,,,,,,,,,,,,,,,,,,,,,,,,,,,,,,
3/1/2013,101.36,102.9948,1.01612865,1.003323925,1.012762305,1.6348,,,,,,,,,,,,,,,,,,,,,,,,,,,,,,,,,,,,,,,,
4/1/2013,101.6477167,91.0092,0.895339344,0.902779203,0.991758939,-10.63851667,,,,,,,,,,,,,,,,,,,,,,,,,,,,,,,,,,,,,,,,
5/1/2013,101.497975,90.9634,0.896209013,0.903466473,0.991967096,-10.534575,,,,,,,,,,,,,,,,,,,,,,,,,,,,,,,,,,,,,,,,
6/1/2013,101.46095,100.6957,0.992457689,0.992194142,1.000265621,-0.76525,,,,,,,,,,,,,,,,,,,,,,,,,,,,,,,,,,,,,,,,
7/1/2013,101.2203083,110.148,1.088200597,1.075842072,1.011487304,8.927691667,,,,,,,,,,,,,,,,,,,,,,,,,,,,,,,,,,,,,,,,
8/1/2013,101.0799333,108.1756,1.070198569,1.077011267,0.993674441,7.095666667,,,,,,,,,,,,,,,,,,,,,,,,,,,,,,,,,,,,,,,,
9/1/2013,101.2914167,99.2809,0.980151165,0.977990757,1.002209026,-2.010516667,,,,,,,,,,,,,,,,,,,,,,,,,,,,,,,,,,,,,,,,
10/1/2013,101.4086333,91.7871,0.905121162,0.907149422,0.997764139,-9.621533333,,,,,,,,,,,,,,,,,,,,,,,,,,,,,,,,,,,,,,,,
11/1/2013,101.6539333,97.2853,0.957024454,0.939917581,1.018200396,-4.368633333,,,,,,,,,,,,,,,,,,,,,,,,,,,,,,,,,,,,,,,,
12/1/2013,102.33735,113.4732,1.10881511,1.079208168,1.027433949,11.13585,,,,,,,,,,,,,,,,,,,,,,,,,,,,,,,,,,,,,,,,
1/1/2014,103.0668417,124.2549,1.205575896,1.156766351,1.042194817,21.18805833,,,,,,,,,,,,,,,,,,,,,,,,,,,,,,,,,,,,,,,,
2/1/2014,103.5791,112.8811,1.089805762,1.07360284,1.0150921,9.302,,,,,,,,,,,,,,,,,,,,,,,,,,,,,,,,,,,,,,,,
3/1/2014,103.7264583,104.7631,1.009993995,1.003323925,1.006647973,1.036641667,,,,,,,,,,,,,,,,,,,,,,,,,,,,,,,,,,,,,,,,
4/1/2014,103.66625,90.2867,0.870936298,0.902779203,0.964727915,-13.37955,,,,,,,,,,,,,,,,,,,,,,,,,,,,,,,,,,,,,,,,
5/1/2014,103.7638,92.134,0.88792045,0.903466473,0.982792917,-11.6298,,,,,,,,,,,,,,,,,,,,,,,,,,,,,,,,,,,,,,,,
6/1/2014,103.862325,101.878,0.98089466,0.992194142,0.988611622,-1.984325,,,,,,,,,,,,,,,,,,,,,,,,,,,,,,,,,,,,,,,,
7/1/2014,103.7291333,108.5497,1.04647264,1.075842072,0.972700982,4.820566667,,,,,,,,,,,,,,,,,,,,,,,,,,,,,,,,,,,,,,,,
8/1/2014,103.7306667,108.194,1.043028098,1.077011267,0.968446785,4.463333333,,,,,,,,,,,,,,,,,,,,,,,,,,,,,,,,,,,,,,,,
9/1/2014,103.8253583,100.4172,0.967174124,0.977990757,0.988939943,-3.408158333,,,,,,,,,,,,,,,,,,,,,,,,,,,,,,,,,,,,,,,,
10/1/2014,103.875075,92.3837,0.889373124,0.907149422,0.980404223,-11.491375,,,,,,,,,,,,,,,,,,,,,,,,,,,,,,,,,,,,,,,,
11/1/2014,104.076575,99.7033,0.957980218,0.939917581,1.019217256,-4.373275,,,,,,,,,,,,,,,,,,,,,,,,,,,,,,,,,,,,,,,,
12/1/2014,103.7327833,109.3477,1.054128661,1.079208168,0.976761196,5.614916667,,,,,,,,,,,,,,,,,,,,,,,,,,,,,,,,,,,,,,,,
1/1/2015,103.400675,120.2696,1.163141343,1.156766351,1.005511046,16.868925,,,,,,,,,,,,,,,,,,,,,,,,,,,,,,,,,,,,,,,,
2/1/2015,103.69215,116.3788,1.122349185,1.07360284,1.045404448,12.68665,,,,,,,,,,,,,,,,,,,,,,,,,,,,,,,,,,,,,,,,
3/1/2015,103.667775,104.4706,1.00774421,1.003323925,1.004405641,0.802825,,,,,,,,,,,,,,,,,,,,,,,,,,,,,,,,,,,,,,,,
4/1/2015,103.622725,89.7461,0.866085118,0.902779203,0.959354309,-13.876625,,,,,,,,,,,,,,,,,,,,,,,,,,,,,,,,,,,,,,,,
5/1/2015,103.535975,91.093,0.879819792,0.903466473,0.97382672,-12.442975,,,,,,,,,,,,,,,,,,,,,,,,,,,,,,,,,,,,,,,,
6/1/2015,103.6002667,102.6495,0.990822739,0.992194142,0.998617808,-0.950766667,,,,,,,,,,,,,,,,,,,,,,,,,,,,,,,,,,,,,,,,
7/1/2015,103.8574083,111.6354,1.074891063,1.075842072,0.999116032,7.777991667,,,,,,,,,,,,,,,,,,,,,,,,,,,,,,,,,,,,,,,,
8/1/2015,104.0572833,110.5925,1.062804029,1.077011267,0.986808645,6.535216667,,,,,,,,,,,,,,,,,,,,,,,,,,,,,,,,,,,,,,,,
9/1/2015,104.18255,101.9204,0.978286671,0.977990757,1.000302573,-2.26215,,,,,,,,,,,,,,,,,,,,,,,,,,,,,,,,,,,,,,,,
10/1/2015,104.1169,91.5959,0.879740945,0.907149422,0.96978615,-12.521,,,,,,,,,,,,,,,,,,,,,,,,,,,,,,,,,,,,,,,,
11/1/2015,103.563525,93.0628,0.898605952,0.939917581,0.956047605,-10.500725,,,,,,,,,,,,,,,,,,,,,,,,,,,,,,,,,,,,,,,,
12/1/2015,103.0529083,103.2203,1.001624327,1.079208168,0.928110402,0.167391667,,,,,,,,,,,,,,,,,,,,,,,,,,,,,,,,,,,,,,,,
1/1/2016,102.7874167,117.0837,1.139085929,1.156766351,0.98471565,14.29628333,,,,,,,,,,,,,,,,,,,,,,,,,,,,,,,,,,,,,,,,
2/1/2016,101.97825,106.6688,1.045995592,1.07360284,0.974285418,4.69055,,,,,,,,,,,,,,,,,,,,,,,,,,,,,,,,,,,,,,,,
3/1/2016,101.2186,95.3548,0.94206796,1.003323925,0.938946971,-5.8638,,,,,,,,,,,,,,,,,,,,,,,,,,,,,,,,,,,,,,,,
4/1/2016,101.1835417,89.3254,0.882805628,0.902779203,0.977875459,-11.85814167,,,,,,,,,,,,,,,,,,,,,,,,,,,,,,,,,,,,,,,,
5/1/2016,101.1538667,90.7369,0.897018601,0.903466473,0.992863187,-10.41696667,,,,,,,,,,,,,,,,,,,,,,,,,,,,,,,,,,,,,,,,
6/1/2016,101.2695333,104.0375,1.027332669,0.992194142,1.035414971,2.767966667,,,,,,,,,,,,,,,,,,,,,,,,,,,,,,,,,,,,,,,,
7/1/2016,101.5115583,114.5397,1.128341461,1.075842072,1.048798415,13.02814167,,,,,,,,,,,,,,,,,,,,,,,,,,,,,,,,,,,,,,,,
8/1/2016,101.9218417,115.5159,1.133377283,1.077011267,1.052335586,13.59405833,,,,,,,,,,,,,,,,,,,,,,,,,,,,,,,,,,,,,,,,
9/1/2016,101.9921167,102.7637,1.007565127,0.977990757,1.030239928,0.771583333,,,,,,,,,,,,,,,,,,,,,,,,,,,,,,,,,,,,,,,,
10/1/2016,101.9830167,91.4867,0.897077798,0.907149422,0.988897502,-10.49631667,,,,,,,,,,,,,,,,,,,,,,,,,,,,,,,,,,,,,,,,
11/1/2016,101.9686167,92.89,0.91096656,0.939917581,0.969198341,-9.078616667,,,,,,,,,,,,,,,,,,,,,,,,,,,,,,,,,,,,,,,,
12/1/2016,102.764375,112.7694,1.097358885,1.079208168,1.01681855,10.005025,,,,,,,,,,,,,,,,,,,,,,,,,,,,,,,,,,,,,,,,
1/1/2017,102.578275,114.8505,1.119637662,1.156766351,0.967903035,12.272225,,,,,,,,,,,,,,,,,,,,,,,,,,,,,,,,,,,,,,,,
2/1/2017,101.98005,99.4901,0.97558395,1.07360284,0.908700977,-2.48995,,,,,,,,,,,,,,,,,,,,,,,,,,,,,,,,,,,,,,,,
3/1/2017,102.4537833,101.0396,0.986196866,1.003323925,0.982929682,-1.414183333,,,,,,,,,,,,,,,,,,,,,,,,,,,,,,,,,,,,,,,,
4/1/2017,102.37275,88.353,0.863051935,0.902779203,0.955994481,-14.01975,,,,,,,,,,,,,,,,,,,,,,,,,,,,,,,,,,,,,,,,
5/1/2017,102.4847167,92.0805,0.89848031,0.903466473,0.994481076,-10.40421667,,,,,,,,,,,,,,,,,,,,,,,,,,,,,,,,,,,,,,,,
6/1/2017,102.3276917,102.1532,0.998294776,0.992194142,1.006148629,-0.174491667,,,,,,,,,,,,,,,,,,,,,,,,,,,,,,,,,,,,,,,,
7/1/2017,102.1288667,112.1538,1.098159645,1.075842072,1.020744284,10.02493333,,,,,,,,,,,,,,,,,,,,,,,,,,,,,,,,,,,,,,,,
8/1/2017,101.5801417,108.9312,1.072367081,1.077011267,0.995687895,7.351058333,,,,,,,,,,,,,,,,,,,,,,,,,,,,,,,,,,,,,,,,
9/1/2017,101.23445,98.6154,0.974128866,0.977990757,0.996051199,-2.61905,,,,,,,,,,,,,,,,,,,,,,,,,,,,,,,,,,,,,,,,
10/1/2017,101.4117,93.6137,0.923105519,0.907149422,1.017589271,-7.798,,,,,,,,,,,,,,,,,,,,,,,,,,,,,,,,,,,,,,,,
11/1/2017,101.7821917,97.3359,0.956315623,0.939917581,1.017446255,-4.446291667,,,,,,,,,,,,,,,,,,,,,,,,,,,,,,,,,,,,,,,,
12/1/2017,101.9448417,114.7212,1.125326187,1.079208168,1.042733201,12.77635833,,,,,,,,,,,,,,,,,,,,,,,,,,,,,,,,,,,,,,,,
1/1/2018,103.1577,129.4048,1.254436654,,,26.2471,,,,,,,,,,,,,,,,,,,,,,,,,,,,,,,,,,,,,,,,
